{"cameraMode":{"drawMode":0,"name":"Shaded","section":"Shading Mode"},"sceneLighting":false,"audioPlay":false,"sceneViewState":{"showFog":true,"showMaterialUpdate":false,"showSkybox":true,"showFlares":true,"showImageEffects":true,"showParticleSystems":true},"in2DMode":false,"pivot":{"x":-2.016606092453003,"y":0.6956354379653931,"z":0.14458811283111573},"rotation":{"x":-0.07424899190664292,"y":-0.9156116247177124,"z":0.3413078784942627,"w":-0.19918829202651978},"size":3.895132541656494,"orthographic":false}