{"cameraMode":{"drawMode":0,"name":"Shaded","section":"Shading Mode"},"sceneLighting":true,"audioPlay":false,"sceneViewState":{"showFog":true,"showMaterialUpdate":false,"showSkybox":true,"showFlares":true,"showImageEffects":true,"showParticleSystems":true},"in2DMode":false,"pivot":{"x":0.0050484538078308109,"y":0.7444325685501099,"z":0.0496036633849144},"rotation":{"x":0.1719157099723816,"y":-0.3535975217819214,"z":0.06628488749265671,"w":0.9170791506767273},"size":3.2556374073028566,"orthographic":false}