{"cameraMode":{"drawMode":0,"name":"Shaded","section":"Shading Mode"},"sceneLighting":false,"audioPlay":false,"sceneViewState":{"showFog":true,"showMaterialUpdate":false,"showSkybox":false,"showFlares":true,"showImageEffects":true,"showParticleSystems":true},"in2DMode":false,"pivot":{"x":-1.6012437343597413,"y":-1.7391889095306397,"z":3.317763328552246},"rotation":{"x":-0.06726446747779846,"y":0.9310768842697144,"z":-0.2806966006755829,"w":-0.22311773896217347},"size":5.627520561218262,"orthographic":false}